,a,b,c,d,e
0,0.202196115151,1.21032845686,-0.362120661926,6.77468771539,10.4711705025
1,-18.3878785191,6.30799301553,0.570526361383,-2.80045345831,0.791784183209
2,-0.353418366644,-2.51979631334,-1.43422380479,-2.460676564,-1.8488926745
3,0.681850865982,-2.43730877866,-2.32455897773,-3.93088336986,0.126414739532
4,-1.39895007161,-0.306058176632,0.700491382806,1.28006278283,-0.367040101737
5,0.0129792101817,0.855018827105,-0.929722810764,-0.297956253918,-1.18171962935
6,1.95756359797,0.586028019807,1.39773991664,1.5206361518,3.40889615736
7,0.326309113233,5.76181185534,4.29101432785,5.54767104523,-1.0579846536
8,9.12229853586,9.63261341535,8.37451276096,19.0460959679,21.2167025783
9,0.320887819579,5.14911468592,5.88650448399,5.81119672606,-0.794650126874
10,-16.684394972,8.65048433247,1.74790521505,-0.123771281809,0.0673475095527
11,-15.7945404883,8.24705557491,-0.95064703765,1.22483776945,-0.44321427071
12,-16.3228681404,7.51347732978,-0.0759549218483,-1.84061816087,0.662117478395
13,-0.105860458901,-0.50224825126,0.0361186275907,0.0918667462542,-1.29641605993
14,-15.3684754186,8.31969968366,-0.810767425154,-0.753730609923,0.7562555343
15,-0.635970748781,3.12784235251,6.57458651382,7.37785458694,-0.3481449167
16,-0.974203045162,0.46575165191,0.37682243528,-0.454981154642,1.15912778334
17,7.2420993185,8.16357685516,6.97313542043,20.8476535681,21.7875769633
18,0.639448980271,6.55759100774,7.36202233816,6.88442982763,1.09653490967
19,-0.506006820258,-4.22266702815,-4.04927796968,-4.95344821841,0.209784314992
20,0.592918378721,-1.5090467839,-0.0350833634745,7.05654516256,8.92311494658
21,-18.0157137306,7.80634868209,0.119749655235,1.43643127236,0.605606710941
22,2.74186327579,1.02200109405,3.22788699815,2.39662445621,2.98425345225
23,-17.3763825095,6.7088736031,-0.650119979227,1.68998013125,-1.88313407889
24,7.69217710278,7.82216594099,6.99833964535,19.6733009698,19.7976814019
25,8.27956035019,7.25315018695,8.35541678872,17.9163360961,22.176182034
26,9.35113105057,8.24118062869,9.38347709141,19.439645747,19.1678723326
27,-0.131161080336,7.44080250868,7.15679246967,5.32851529605,1.01155845279
28,-0.505071351565,0.0835289533789,-1.96534862429,6.04141626445,10.8087072843
29,8.31614373782,6.8778203379,6.57933534227,20.1683499666,18.7248099673
30,2.40971495197,-3.50115087979,-4.79862170798,-4.54504784599,0.0143419511532
31,2.312666951,-2.84895900308,-3.40875494973,-3.1380706018,0.375878189396
32,-17.0351859885,6.70779257798,-0.187507976902,-1.11606480719,0.00226286233523
33,-1.21389895219,5.70055639917,6.90453347228,6.01454075512,-0.1807560448
34,-1.929540921,6.04978078786,6.5987524351,6.66758923617,0.486699050011
35,-16.3789738227,7.46101945276,-0.899475851617,1.417607745,1.00947193195
36,-16.0021240032,8.29400071338,-0.831941078258,0.304870515021,2.07920146164
37,-1.01295453963,-2.26669691285,-1.53665401431,-3.286293694,0.873090009654
38,-7.54647034721,1.01424093879,-0.183262669051,-0.306236791599,-3.6680811421
39,0.959912668523,-2.23857339039,-4.24200338646,-1.89628671196,0.872178625659
40,-17.4174098213,6.0763834675,-0.254208135833,-0.904252404401,-0.0165144437247
41,0.49325229914,-1.73073248243,-3.33195632424,-1.76641939069,1.23677451101
42,-17.8271112867,5.34145001049,0.735455354495,0.945930966516,-0.349486170285
43,2.14297309719,1.02988571237,3.64653782841,1.60265769947,2.00483961992
44,0.387267786902,4.93730985528,7.47904604069,4.65051691607,-0.0894222608412
45,0.0596382834805,5.72522037903,6.13252180817,7.6218650805,1.66989311386
46,-14.4240954535,7.80959269519,0.431053805323,1.78219802412,-0.200641890966
47,0.479984341524,1.84639649974,3.0255294354,0.202895902595,1.40524922178
48,-5.78450036612,0.00354785271752,-0.464847257188,-0.471148818747,-3.56039323774
49,2.63561610238,1.64125744147,1.32015167267,0.963221409131,0.685386656473
50,-19.3851514385,6.66317616896,-0.00248241012862,-0.576951420439,0.676965621695
51,9.05852609496,8.31101251364,8.92054013046,19.3178282759,22.8331830214
52,0.530775952629,-4.82980033946,-4.15835100702,-2.68693034149,-1.33427780602
53,1.97975135152,1.09050642571,2.3135947441,2.30982253297,1.96991465601
54,-0.973192537599,0.0246102338282,-0.618948707923,-0.840129184069,-0.615914489407
55,3.25768040364,3.10868024067,3.53126959148,2.05704779009,0.0711382944685
56,-5.0055643014,1.08111560382,-0.613479914084,1.35233134773,-5.51861424094
57,2.0458159625,2.80692177253,-0.111417223133,3.48220380783,3.12607269241
58,-0.602626263599,6.28630360979,7.61913783475,5.7751200829,-0.0611458479512
59,-18.3868476992,7.34770297387,0.55155973033,0.126577646518,-0.342436707106
60,-1.38481331893,4.89664078566,5.29500234574,6.47796138952,-0.0115087215649
61,2.24400215215,-0.271961375261,-0.742506670288,6.16227671035,10.4421419692
62,0.522911923971,6.31769726947,7.57335944925,6.00132655103,0.760630850918
63,-1.77209477026,1.47400285438,0.0362350854068,-0.859693054037,0.757645588678
64,-1.87932444352,0.35659642279,-0.186506367028,5.75809481957,11.5722424761
65,0.142027992302,-1.46247711786,0.333947183963,5.65022626788,10.6891240053
66,0.609217377547,-1.89905670068,-0.814634582597,4.82281510798,8.61182609476
67,0.392594447458,6.74087917916,6.9357434146,6.03830378381,-3.06128781307
68,2.86344621422,1.57126421271,2.3038468177,1.02207458067,3.31277497765
69,0.423977613938,-1.84860725331,-4.58137262122,-3.09618677589,1.7062720067
70,8.18788618235,9.63128790342,10.0916587428,19.4779973834,19.1298565804
71,-5.1075260625,-0.0360196071465,0.627906270363,-0.36263511182,-3.41465747344
72,2.21223625921,0.915362370772,1.15432708526,5.02416959767,8.77132401557
73,4.07067621239,1.83269027929,1.94266781476,1.78151446963,3.10655979736
74,-0.415730817495,-3.2213481198,-1.24393194644,-3.29353163042,0.31113822351
75,0.359158507851,3.26110457018,1.83882201569,2.20558421723,1.60706252261
76,-0.545797888368,-2.47605814331,-1.44826261649,-3.5515849685,-0.799098318689
77,-0.126988831405,5.23510681367,5.70123916494,7.55035448538,-0.641049834727
78,0.864458315517,4.99963575907,5.93915408226,6.15866215233,-0.0493795059543
79,-17.1290387495,6.35095710914,-0.468833572655,0.307705984014,-2.05260322177
80,0.0445923000435,0.0591081439941,-0.756418626822,5.60868885425,10.3107947626
81,-5.51280269353,-0.258174416767,0.080892713361,1.17761914917,-4.83712178984
82,2.18944389335,1.23494215573,0.882044899606,-0.078534833784,2.72111276998
83,-16.9633937957,7.75460121827,-0.0543937982101,0.121394074471,-0.4208966235
84,8.06974759702,7.49684910394,9.62073621635,19.351649367,20.7676227502
85,1.13444773775,-0.371935828957,1.5486219243,2.9880725003,3.146982903
86,2.75481721682,3.79135122583,3.5600347967,1.88722986237,1.24064458089
87,-6.48993429056,0.356464035507,-0.140918035236,0.2129356732,-4.37393812699
88,0.756034449873,-1.14802389745,0.0526274362486,6.88423519675,8.84915513131
89,1.94203040762,1.11601212541,2.3942673415,2.56653995952,2.28761603199
90,-16.4759873103,8.9942404279,0.00356144532625,0.0344759194729,1.66540434545
91,-1.54947730951,1.02048900674,-0.696969659922,0.920508316761,0.232218590701
92,-1.92719290824,-2.76101261728,-3.41530634037,-4.08138087028,-0.304074631503
93,-0.395959836642,-1.49587432275,-4.85688459846,-3.65878974193,0.293572059684
94,8.86222038096,9.18035510507,8.96762303913,19.7049790507,19.7894846122
95,-5.9058393018,0.1373870666,-0.587330563191,-0.0304150295942,-4.29220605804
96,0.386523106251,-3.46644524438,-3.88029442951,-4.1914260158,-1.10776172586
97,-1.96159113579,-1.60019531455,0.303327233304,1.52548624745,0.0135172651813
98,1.94373049259,0.561317093655,-0.367317886542,1.49976158299,2.89470159479
99,1.21026008523,0.0826810005665,0.106888867855,-2.24932926732,-0.494950866797
100,0.0117815803658,0.108035254213,-0.172446782643,-0.909471446582,1.62980600028
101,3.01180071419,1.24939919169,-1.43160589073,0.793416201084,3.06541245337
102,-2.11627950291,5.15615669615,6.40542907836,6.31774860285,-0.770634776495
103,-6.88172125559,-0.302304068154,-0.303734703978,0.00857947847772,-4.61051236052
104,0.777967285104,-4.63513977728,-3.39551700911,-3.74133696739,0.797228553455
105,-0.530722514192,-0.56994978827,0.27979065131,-0.40468364886,-0.813732584386
106,-0.112164933128,-1.68741776002,-2.5840786814,-1.35276225346,-0.928224154348
107,-16.1875812778,7.84456915105,-1.080922729,0.309101406151,-0.307271876325
108,-0.252970187602,0.0125071258024,2.05633058967,1.88477036546,-0.13994328593
109,-16.8015262515,7.8575165957,1.12907267097,0.182347699225,-1.85151926683
110,-6.4059266757,-0.843734309243,0.109172002239,-0.750891247417,-5.60461704898
111,3.76345357422,0.475270184216,1.34062744478,1.65853072129,2.30274630759
112,-0.0361366398408,-3.55552092834,-5.36820646425,-2.35355689903,-0.411339682856
113,-0.260361083294,4.65026764065,6.1778918592,5.67232183799,-0.241966975707
114,-4.96236527322,0.237869964347,-0.306560023277,-0.25021443719,-6.24741289651
115,9.14054715114,7.63140491299,7.52279839127,18.8803738883,19.4162595283
116,-0.154410191996,0.0390764462629,0.491220341148,6.33112704041,8.6585134566
117,2.18027543078,2.80671588153,1.70493754112,2.24038593155,1.72535636545
118,0.697273560393,-0.672538957727,1.00851309272,6.6225911733,10.9526658629
119,-1.21560700473,-0.0466624062394,0.125685609391,6.09835455226,9.55496308253
120,-6.28725534959,-0.880646559515,-0.331952650062,-0.471236443952,-5.87251638852
121,1.37744297267,1.55692078243,1.86574503531,-0.0840371173551,1.3359565982
122,-5.02222968221,0.360811393095,-1.03555759563,-0.185725389684,-4.58946915004
123,8.81597366839,8.44586946013,7.84168094989,20.2690597654,20.4472449678
124,0.337553497119,-4.32826810492,-2.30964776245,-3.52681256827,-0.507368207518
125,-0.736604813051,-3.9195726448,-2.75912669942,-3.91580834292,1.12113360098
126,0.480741709292,-0.495287845816,1.93650613302,-0.455173312172,0.180984265011
127,1.49779847825,2.77126124505,3.95668270584,2.30400763625,3.92964384237
128,0.843462789379,-2.4503361419,-3.70650511835,-1.06577680469,-2.01709861341
129,0.568215721333,-3.4302376233,-3.66272996014,-2.28024984807,-1.60242440152
130,0.72320256817,4.55459974879,5.90916668755,5.73867530192,-1.74518464569
131,1.19080411828,0.230871019049,0.0365278628652,-2.15007825333,-0.227951822001
132,-16.724172883,7.56158333845,-0.417487597698,1.17960298438,0.228906998645
133,1.27197670524,-0.340610659352,0.555721474701,-0.0156068264419,-0.916635022679
134,0.355107936383,1.16247182294,0.607243301398,0.944911520191,-0.4848334668
135,1.97917315067,-0.337447735005,0.294483900071,5.89779274063,8.96969228765
136,3.75717619657,1.18654523566,1.15268781596,3.34974018497,1.15446028873
137,-1.66929371775,-2.98489314124,-5.78604544221,-2.46269051862,-0.336317444114
138,-1.23012662913,6.84724553771,6.38625245101,7.48579174078,1.97528070647
139,6.42809539029,8.83037471772,7.7327063407,20.2857496441,19.1992859656
140,3.11545498276,1.21906137143,1.89512583392,0.817751698719,1.530930256
141,-16.5171456099,5.64833263064,0.842644633482,-0.149563809957,1.01019584444
142,1.75362486348,5.17725724908,5.85689733273,5.77209243536,-1.73707076671
143,0.190462621832,0.705011845096,1.83027514983,0.0236488155461,0.764420218969
144,0.148087246004,-0.0154289846837,1.66293345143,-1.96173522088,0.0822022717677
145,0.547951263394,2.33397310177,1.495120508,2.58311696736,1.65472610924
146,-1.06096374181,0.22637413026,1.27432523679,1.50703934387,-1.96958211155
147,-17.9260226104,7.90831228582,-1.55916047476,-1.26691145232,-0.7536698641
148,-4.19926275395,0.759124033706,0.0887414039274,-0.400165305255,-5.9428658388
149,-0.999240453849,-4.40147403864,-3.61156265567,-2.12814712585,1.90259216604
150,-18.0090586856,6.639076632,-1.45274836645,-0.86018980504,0.201536464768
151,-17.3680453094,7.39311616915,0.444735117667,1.10166968987,-0.74790978069
152,-0.148742399186,-0.861593044332,1.24185361137,4.76630581094,11.1610875403
153,8.62480126013,7.14797016582,7.30147268653,18.6335399419,19.7050395946
154,8.90700297549,7.61269226127,8.82196704475,20.5831918873,20.6294991636
155,1.13356397933,-3.13397688165,-1.13469239472,-3.29000577544,0.787434389246
156,-1.65631644449,4.43370777435,6.5112974383,5.75245098687,0.818329130861
157,-5.5637300619,-0.672431869417,1.4093647555,0.19847777254,-3.58819253588
158,-14.1707308057,7.04054052234,0.811067923604,1.1014130965,0.878596821335
159,0.772964374908,5.81024709234,5.1611335475,5.68417251737,-0.484537552509
160,-2.58533507549,-0.0861520046333,0.15317676713,1.37260455445,-7.73281641856
161,-0.600902437476,-3.18214777134,-2.89104744583,-2.58333670049,-0.161479305328
162,-0.646122044198,-2.93304633527,-5.53452345471,-4.15673414381,0.0884350903173
163,-16.8368980433,6.97532016993,0.606783578519,0.420089677096,-0.688999626834
164,-0.49555280837,-2.16909124309,-0.09283914316,6.33002893355,9.28409748389
165,-0.0952572257393,0.573726314043,0.130235549407,5.92884636403,9.03234023468
166,8.38604638558,6.66225075963,6.65251359256,21.439730907,20.7932544846
167,8.60568176395,8.16000232921,9.2541874643,19.4821729481,19.3693860567
168,-15.8749158264,6.54351149882,-0.599203679734,0.321851343737,1.48135327251
169,8.41453082722,8.83261314169,6.97174590996,18.3170638928,19.9569676262
170,-16.8451756362,7.52781625263,1.27653306944,0.0675141040268,0.735828231324
171,9.20877474032,9.08586865062,6.97593495482,19.9546687243,20.7033486556
172,-6.29297371963,1.32937366819,1.94075581077,-0.859504870077,-2.78472108139
173,2.30015311026,0.240251726617,3.02177040147,0.997694077818,2.60847251429
174,-15.8536074279,6.79198869778,-0.414872176077,-1.74948055478,1.42287367256
175,-0.822564505442,-1.32682216833,-0.404931596098,7.7521015484,9.42099072726
176,-0.215475797325,0.265383827287,-1.25023240098,-0.948043479855,1.44296823038
177,-5.13250242384,0.1808195714,-0.0453568021555,0.544094001649,-4.93031966246
178,2.65038941602,0.341828796326,1.57973136989,0.575444285493,0.764324216156
179,-1.66165274514,-3.1796502805,-4.31895484542,-1.65816075148,-0.36087495963
180,8.6494410962,7.77252586828,6.17603056254,19.9098886636,21.1566763147
181,0.876507883047,1.36233903198,-0.0172900442713,2.62577648382,1.24791603589
182,8.68989287624,8.24007319371,8.32627613658,21.3208313319,19.1255341679
183,1.59871156355,0.785185109256,-1.42107600642,-0.0475716260379,1.10720779351
184,-0.181996079845,0.327577225629,2.2503911602,2.5262751287,3.25624594653
185,-16.3842323571,5.89831280942,0.620809529402,1.0677259336,1.13028557813
186,1.28430201541,1.90266927157,0.925924588291,0.186477662327,1.35696604268
187,-5.63494407697,-0.771637416742,0.631366097146,-1.50239848375,-3.75074326012
188,1.23221954388,-1.50740640536,-1.63859788719,1.40082355783,-0.745994873247
189,1.69851239568,-1.92633146977,-4.18588219931,-2.90425146086,1.3149207478
190,-1.48649441272,4.50173365635,6.16473264581,5.55577673511,-2.37041756025
191,0.0615325330842,0.588728535802,-0.467605139223,5.77708179222,9.39180189469
192,1.0594937144,-1.07678065935,0.319583882818,5.9612550669,9.01238047369
193,-0.510728937301,-1.15729169646,-0.428640787538,-1.35366553372,-1.34416090566
194,-17.6569724117,7.88195358119,1.13324361932,1.02439485257,1.14371894047
195,-1.07773704768,7.80343054603,6.94566577647,5.47069341479,1.14397595026
196,-4.88455599492,0.825321571511,-1.02150440264,-1.03777251162,-4.53014897225
197,2.03369048923,2.94151649562,2.20999822028,3.09296596366,3.12595432458
198,-4.02025508109,-0.413131443417,-1.54178419387,0.169449809881,-3.94578543631
199,-1.19986718126,7.70320929048,5.33411579362,5.39774197862,0.320288711944
200,8.147266674,9.61656062858,7.63633066039,18.8164356987,19.7315175887
201,-0.479338951051,7.69580002276,4.6700695208,4.45411543722,0.497044067029
202,-16.1748816259,6.59721027025,0.641614669297,-1.00570162693,-0.147176867013
203,7.49802359023,6.58448601315,6.51546943959,20.1042205907,20.6328956064
204,-5.34896193188,0.936700517831,-1.06144983708,1.05548033823,-3.42820308864
205,-0.850159759085,-1.97489989928,-3.57835918697,-4.26950038654,0.692634825942
206,-1.27628672063,-0.157051874187,-1.30466679104,1.1616770401,-0.78339290308
207,-16.3789679036,5.57514093725,1.9932383144,-1.06270229957,0.530259993873
208,-5.48905290262,-0.726087701258,0.737806156551,1.20694766622,-5.5581343652
209,8.57291899546,7.56298318458,9.54321727312,20.8310397332,19.7469411013
210,0.0344818462079,5.41091602222,6.16905280016,6.12213481733,0.0903231359787
211,1.17482690693,6.92416813587,5.82998677612,7.77533602902,1.56711619648
212,-6.41606024999,-1.51808935127,1.67520967867,0.0711275849589,-5.37770031415
213,-4.99816881751,0.645415451568,-0.171700659354,-0.645988072812,-7.43928989358
214,1.14993521061,1.83880957785,0.588871221448,2.05730424117,2.39295906885
215,1.29419681769,0.201209241237,1.27879550656,-0.0600011835822,0.695039324672
216,-0.26891964445,-1.86061192375,-2.4814028385,-2.59419042451,0.691279574386
217,-6.12424903389,-0.613221086879,0.452828055825,0.475533206806,-5.21266246928
218,0.725869726676,-0.714011563055,0.193198950656,-0.948274582383,1.54189736848
219,9.50151193624,8.69033276438,7.17834735944,20.4304812879,19.0624041043
220,-5.10275708328,-0.992966106569,-0.571157391835,-0.573991603814,-3.53726701803
221,2.44245684025,0.0953572178715,1.87794499813,1.10472992757,1.29014064372
222,0.0729279056869,-1.2287887007,-0.162771299767,5.15138015913,10.9519775167
223,0.782025719989,-0.387821173117,-0.988634195333,-0.220928763082,1.14228552648
224,-1.68854922142,0.339420215945,0.784318438529,5.98956925835,9.6047952796
225,9.52838989574,9.63915525978,9.38038925984,20.6784839849,20.0882440687
226,0.229917146523,-3.3283700358,-3.60484343733,-3.1179835586,-1.12234083456
227,-6.29923242801,1.21953906426,0.0440084380624,-0.316486618522,-5.63441561685
228,-5.92458580455,-0.425846758448,0.875443976578,0.832065433684,-6.61595624267
229,-0.743643151908,0.6792848443,1.43417570443,0.13754101627,-0.386178349214
230,0.907209055072,-1.80811809636,-2.49762003676,-1.31935842347,-1.67558576113
231,-0.484305424058,-4.94421097373,-2.79900056255,-2.27726221791,0.236930023298
232,-2.05196298194,1.57355352285,-1.06725739417,0.344785286987,-1.30970521698
233,1.55818608553,1.29768081462,-0.749991183939,1.25671110734,-0.471071217294
234,-16.4183158976,6.80006310947,-1.28209485836,-0.132169242524,1.80796993996
235,-17.1705911556,9.29801531989,0.835675108009,0.0620007166419,0.189761818841
236,2.52603802367,1.17613500127,2.47422602051,2.41766623615,2.28031948099
237,-16.3961008112,5.68334648079,0.716440261524,0.0232383245549,-1.38702308965
238,-5.10811177018,-0.132544878328,1.4291722138,-1.09244500085,-5.74177021478
239,0.672792573306,1.94473547719,0.72459578483,-1.08575621302,0.0415073739999
240,0.486740272614,4.32668675223,2.31089316544,2.48899817191,2.78679154895
241,7.74456421171,6.88538996272,7.67792070334,19.1948014109,21.4496623538
242,1.71947764804,2.05658785224,1.24853320311,2.53326442026,2.66151121956
243,-0.0846699317777,0.293316628282,-0.917902025572,0.687823772864,0.842258658766
244,-0.497170376503,-0.744475791686,-0.687298429646,1.29773674949,-0.837412167952
245,-17.5301734624,6.59111593429,0.0122448500067,0.686119124927,0.749124878566
246,-0.181883907564,6.06137543321,5.47013178267,5.47301518018,-1.6546078345
247,1.90743090257,3.784516999,2.14021243119,2.33509065216,2.29906839851
248,0.671157398794,-4.09621459192,-2.70239250477,-2.8139090356,1.81282389613
249,1.65898773259,-0.971719148173,-0.0309447240754,6.61615515039,10.671557531
250,-16.3460211746,5.42273482047,0.728556859451,-0.777820324353,-0.162849656638
251,8.13828291714,8.60743997589,8.54239372346,19.9025348631,19.5620603461
252,-16.4877016469,5.4390676392,0.280591458299,-1.722396622,1.32901360144
253,0.216870120776,-0.745873472076,-0.970884349474,-0.224742087489,-1.16691657176
254,8.28747917801,8.57771458634,7.50886775605,19.4186986922,19.0135252574
255,1.3278931962,-2.58234577432,-3.11623112684,-3.75843794474,-1.19021541989
256,-16.4673339552,5.74008289432,0.309632607498,-2.59415090912,0.197090917791
257,9.52580438908,7.27369275218,6.85816563949,19.2285975197,18.1827269183
258,0.280539970664,0.238233794217,0.281799204756,5.8463301716,9.52143565308
259,2.95704341759,3.68372282311,2.28592643674,2.19126413399,2.7051588253
260,-17.4822512215,8.16024243878,0.794917429682,-0.739860408671,0.154825449716
261,0.0527273898592,0.91443004065,2.65678246835,0.237298074278,1.58422260764
262,0.340508816114,-0.224236745636,0.682492821875,5.0605192472,8.65324167197
263,0.257498300155,-1.8602331777,-4.35894511298,-3.62451269823,0.0846450159919
264,-0.0508550238462,-0.459349332209,-1.06778289708,6.35272325122,11.2608599434
265,2.53732330278,1.93150762874,1.35588265816,3.41888030845,3.47165601525
266,1.56621599062,1.35553939602,3.68406566243,1.93847781512,1.80760467133
267,-15.2323808283,7.85459509919,0.0535512106842,-1.92402129433,-1.98454482653
268,-16.075487015,4.504336645,1.06822861571,0.0501212053065,-0.193872476832
269,0.0568745655879,5.21692045942,4.89270293045,5.47867855837,1.13827544129
270,1.1436157693,4.4982002119,5.08424636468,4.83730856524,-1.33289873001
271,0.398622577721,-0.581318760798,-2.15195155672,6.85610830773,8.1596499817
272,-15.2415234402,7.57217639881,-0.505159367954,-0.89455635922,0.328302868677
273,2.98073710455,1.43552648192,3.58387253573,-0.109183659585,1.94429442024
274,-17.1994181023,7.06479961938,-1.5682790811,-0.270817281964,-0.015556864481
275,7.47332332899,7.9858315883,6.90798527542,19.5004932289,19.6107425632
276,-5.35686856012,-0.409805523047,0.682446407366,0.181184936816,-5.18221983077
277,-0.193827763554,5.16314629657,6.2943760042,5.04018290315,-0.452019593647
278,-16.0613108354,7.63461088276,-2.17728739021,-0.531031650479,1.24010892024
279,-17.7229472665,8.42266091479,0.050715912927,-1.67830259665,-0.0822056084623
280,6.34132469779,8.93204866402,8.03083372602,20.4443699583,20.7842871824
281,1.07104862589,3.74615984898,2.11406151211,3.2689184549,1.76333398539
282,2.84465908078,0.553722675413,1.86977663542,4.0036163946,4.19186681942
283,-16.6064392021,8.18474355628,-2.40567883379,-1.14487012898,-0.522858895224
284,-17.2777585152,5.32407156788,-1.24993482222,1.45667286335,0.121467565186
285,0.256196795492,2.18756371101,2.93214378436,-0.41547413997,2.50503536117
286,-17.8221688501,5.92945672526,0.289315748752,-0.237551159961,-0.200797011652
287,-5.5840605886,0.907420784544,0.951661438113,-0.29230678133,-3.2231593381
288,0.684270103964,-4.11901821636,-2.81892753882,-4.17736503616,1.08031666409
289,-0.476001791026,6.86954811622,4.9222189503,5.97875908595,-0.381587034155
290,0.332020891861,6.13100684022,6.13684457066,7.1569981405,0.394193515509
291,-1.07722324076,-3.37212099506,-3.0645897734,-2.11248875933,0.765562609632
292,-0.30300669039,6.31517315708,6.91455291586,5.50784123134,-0.394065476873
293,0.0278650699211,5.70492526849,9.12325734057,6.79085752487,-0.380309735117
294,-1.16581791698,0.773154246958,0.389783791484,5.46305402327,8.84433380262
295,1.93264444708,3.3241322064,2.38679708924,0.337708099356,1.35654298018
296,-4.75229735678,-1.2815841261,-0.489440090855,-0.519220677496,-5.73793270886
297,-1.3885313584,-3.41628368221,-1.27699835568,-1.7901367825,-0.0455099089631
298,8.34082106542,6.88593988927,8.98656161295,16.7725023617,20.0101225542
299,0.349600961256,-4.81604327787,-3.34633713043,-4.47845701225,0.199440140664
300,-1.79895030586,-0.30886391552,-1.1284559977,0.420537624113,-0.425709535944
301,7.29227596398,8.30620778319,7.01100394941,19.837810275,18.3414711142
302,9.30365882808,9.14526317217,7.79663014585,19.2090636437,20.0760327161
303,-0.118219706769,4.29720405748,5.97015217763,5.75465916622,-1.31733685475
304,1.9772661423,0.338014090703,-1.63649920784,7.07674089642,8.91729710629
305,-15.8207940488,7.33053042007,-1.31816585405,-1.00575189761,0.414938807905
306,-5.60124277086,-0.557536297112,1.80436279062,0.636083506484,-4.66807926909
307,-1.08227595838,-1.14114366325,-0.569037241225,4.49801569723,11.1029836757
308,-5.27045603211,0.124779798134,-2.00010392657,-0.523401625446,-4.82025667542
309,-6.17762209401,0.968663928244,1.5062135818,0.649782692753,-4.74544295847
310,8.96611768013,7.5675520619,7.23138082938,19.7815928751,21.4880739096
311,0.171671375286,-4.38954377545,-3.30585771425,-3.81412961201,0.827235731346
312,8.87370561638,8.67158709845,6.66050713814,22.1140955646,21.4404150654
313,-1.38546619594,7.28492036767,5.31396325792,7.06191893533,-0.372535702858
314,1.43475899141,2.34143790578,0.552996507195,1.17607694128,1.94446696199
315,-4.10828248763,0.540222443681,1.62495314511,-0.752371748369,-5.65693025278
316,-1.0766676782,-0.779311321582,0.813645013955,-0.0590907953607,-0.711892321099
317,-0.537755369322,-0.567335061909,0.0242587421579,0.910440559612,0.767337226973
318,1.29786703585,0.638957637271,-0.796686538177,4.8537156851,10.4789325126
319,0.724716237336,-3.06951073594,-2.56248273974,-4.28007216138,-1.04558899966
320,0.497660382565,-0.542163970836,-0.346128918892,-1.50503032335,-0.45905016077
321,-5.89460544551,-1.37705777733,-0.288421036901,-0.457608494332,-5.48991636376
322,0.636567165528,-1.07699942673,2.36363920652,0.0924544272751,0.367821598596
323,8.36954436737,9.19418679666,8.3788247688,18.9844335497,20.9809728405
324,1.19041762462,-1.01302977193,0.109628843894,4.88246182969,10.5321340293
325,-6.31249995046,-0.31286673159,-0.0731737025206,-0.354471532886,-3.73573385252
326,8.28113054366,6.78696666462,8.01132187986,20.1381640461,20.6208304815
327,-0.917966606589,1.90277699918,0.622608639506,0.921182310664,-1.46726701912
328,-17.1540751219,7.11023314288,-1.0525969331,0.156119176311,-0.184065990381
329,-3.60860024926,-0.472989685595,0.749318903302,0.490869245619,0.846905070602
330,0.18446336808,6.43816410677,6.84589786593,7.10966002417,-0.320827502628
331,1.94252477385,5.53583458828,5.8560624114,4.9649356454,-0.66360432188
332,1.55903027501,-3.09174895151,-1.99655245316,-4.19629938297,-2.94385100975
333,3.21699486387,1.93125927813,0.908225449101,2.41665900917,2.94489911733
334,1.17999128316,-4.14678821087,-4.79763949676,-3.53907107471,0.876048732801
335,10.3705727225,9.00260323886,7.7281929172,19.7081091349,18.849511329
336,-0.230666237938,0.306135630652,-0.314688056009,8.17171788505,10.8520743805
337,-15.2365069667,7.68952550436,0.858728795089,-0.391854343864,-0.551318098941
338,7.52651144479,7.82808639396,8.53684436589,19.5916701654,19.0880804155
339,-0.756028183277,-0.580230447417,0.473951048485,7.12754489885,10.5077246737
340,-17.3383931778,5.65040472351,-0.658425509465,-0.143380630546,-0.954641870544
341,0.765386416068,6.5286472316,4.39825917843,6.64886735207,-0.195077819888
342,-0.776071830042,-2.62447950664,-2.13965882943,-4.04187878383,1.45486292039
343,-0.190281877906,5.75127813334,4.73391193143,6.35505592582,-0.463533544601
344,0.840566412107,-0.0246995805807,-0.31875911255,6.42662483466,9.5300647558
345,-17.1227573825,7.26873974784,-0.271294007397,-0.211201762733,0.197770251707
346,-1.2904138589,5.88228984884,5.54346811367,6.80669596619,0.186981676007
347,1.02482415878,-2.54322367607,-3.74461222759,-3.65968079286,-0.688858314478
348,-3.36071526996,-0.462691392661,0.303114659108,-0.76528192366,-3.77466701852
349,-0.0611192364534,0.372190108381,0.16226874027,0.511328803983,0.812506842294
350,-16.6192429256,7.19530853574,1.15610415983,-1.30679354146,-1.17115163632
351,-7.03838420369,-0.176571499356,1.30485796027,0.104933071299,-5.81936472229
352,0.100520750539,-0.397867137796,-0.0979509124831,7.26131952092,8.9452424837
353,8.38771748046,6.80670421118,6.87398184146,19.2614972151,18.8844791414
354,-0.288304021131,-0.144376639248,-1.34757181116,4.32474222508,11.0248653701
355,-15.1403321604,6.32965930772,0.0956949310008,0.172195558133,-0.506235638966
356,9.53636944063,9.08674883794,8.21819903751,20.0737981828,20.847739805
357,1.60508217419,0.381100246783,0.285853136411,5.34930210028,11.6416529363
358,-4.73599370936,1.63642404601,-0.411290922758,-0.295674760073,-5.04643473417
359,3.81979959067,2.15150165556,1.25889814253,3.35420203325,1.98549768221
360,0.325758490612,7.19315358139,5.91766624205,6.17347912969,-0.592282106258
361,-6.31548155693,-0.240655726417,0.69916703639,0.074582239653,-5.50692161103
362,-2.8964384642,-0.583350121134,-0.787143939808,-1.94164912507,-7.5213438958
363,8.8830579975,7.14780346081,7.28262028112,19.7831489757,19.8230740205
364,0.0477725107944,1.67804973168,-1.26282574028,0.233055909473,1.11960479599
365,-5.28788096532,-0.459924765672,0.0277169017855,-0.0973325742777,-4.49116570107
366,-0.194980570267,1.91335820784,-0.0419556457581,-0.29071385011,-2.44126139726
367,-5.19819360437,-1.68888086552,0.439463538897,-0.586331141518,-4.20189461177
368,7.61104284839,8.37795057284,7.00476888587,19.9615443425,19.2609178593
369,8.44634419443,8.31266928227,8.06762937971,19.8011158273,21.9665345635
370,-4.9931023687,0.590307270759,-0.104058371267,-0.902140424713,-5.32107028461
371,8.4026664188,9.543443405,8.25090669433,21.9756921917,19.2407929634
372,0.205679113353,4.8224815471,6.22968411094,4.80361684856,-0.968769162448
373,-6.04612768501,-1.20713389481,0.0114607455377,0.664527271401,-3.39685145633
374,-0.513731058211,6.47650652462,6.23383169514,6.67412930748,0.36712533062
375,1.06528785568,1.54605835091,0.44832671776,6.46879671649,9.48016463329
376,8.4352119111,9.09654777598,6.45136445352,20.049049454,21.6030275364
377,-1.28425922143,6.20866751254,4.96593622221,5.65931371944,0.33971871686
378,-16.668783069,8.04973954131,1.65297160497,1.81942084979,0.318599506799
379,-0.125707267604,-1.85412377265,-5.05996643714,-2.83146766737,-2.27422746205
380,0.573062343029,-3.25968533293,-3.76081978803,-2.56835557238,-0.94380620541
381,-18.109202193,8.94400842467,-2.66300567669,1.14555561746,0.125596823627
382,-4.66910443742,-1.07549296355,-1.14120726662,-0.300132380468,-5.68719646411
383,0.433494974784,-2.27140471156,-0.215261314559,-3.77233030625,-0.792626379093
384,-1.17362161574,8.06319939816,5.32849680092,6.19695140165,1.01206727704
385,-1.09116147777,-0.336169906013,0.557296931678,0.680103215155,-0.359980032289
386,2.83543520621,1.82982162885,4.95608924244,4.27059089375,1.93441481558
387,-1.17950008466,-3.51547135896,-3.24095229592,-1.71690985569,0.63929878814
388,-0.567188516749,5.69805512615,7.20731964738,6.33015249436,-0.688252077813
389,0.698557721309,3.14997271977,3.30168778189,3.61849758339,2.76450505697
390,0.646867418042,0.278899769423,0.168108556011,5.979379865,9.6283761003
391,-0.623807269024,-3.88809624439,-4.21257032591,-3.15158531271,-0.189896734582
392,-0.695646344529,6.52982380433,5.96943480747,6.74780930812,-1.27964112061
393,1.96493737805,1.01372196415,2.63445261082,1.69937508474,0.259063059914
394,-1.3576937111,0.318499763628,-1.96183515109,5.52171227216,11.123225498
395,2.13412542912,2.15739773797,3.67962455341,-0.108274285953,1.32302771616
396,1.33051447887,0.763622769254,2.08372773786,-0.229809051953,-0.396341950081
397,2.13474321349,2.30018160267,-0.0193220582817,1.41107202122,2.60603900477
398,8.94849977016,9.53254944217,8.97914745598,19.7856436072,19.2593610488
399,0.648484553006,0.420845567285,0.375311618315,6.11632697606,9.62780263225
400,0.369982377864,0.428009890725,0.153820825466,-1.24071882361,2.27584856588
401,1.00605697772,6.66080106209,6.82719647024,5.81504255313,-0.887451649292
402,0.0716463563771,6.20140823955,8.80201605248,7.59465556726,-1.33978175722
403,1.02016497505,-0.147857516986,0.861514064916,3.8537033105,9.81240680935
404,-1.77796072158,-1.13875499082,3.36835138518,5.98442513143,11.3423979769
405,1.29638842897,2.65256986616,2.31019992111,1.91359886421,2.51542106463
406,0.639464895453,-4.98237196682,-2.73978709614,-2.69727529114,0.934570355919
407,-1.32768198265,1.32268016654,-0.674307200528,0.403126051583,0.558862218987
408,2.65777093302,2.48058841261,2.19493037111,3.1405552388,2.44651136671
409,1.77712910151,-0.397610094665,-1.12574854359,6.83598812544,10.4463868816
410,1.12344159551,5.77760534892,5.9747824874,6.9003087593,0.710489404956
411,-5.38986217306,0.0734566251832,-1.08987986811,-1.16930365803,-6.30345999579
412,-6.30667384421,1.47457750203,-0.332805487029,-0.465052911421,-5.43261940008
413,8.43580673458,8.3855881123,7.5657045754,19.4770734185,18.399974284
414,-17.2287474139,9.01173923668,-0.273565352993,-0.728377863138,0.218634050638
415,-5.50168515733,-0.20212671724,0.0837825540947,0.651882220814,-3.5578085158
416,-1.40165857414,-3.95357285666,-1.85314215171,-1.0373000394,0.588780081391
417,9.37264001709,7.77811992252,8.95920367485,20.6912584223,19.8812377591
418,8.32442392011,8.98325847745,6.48958268435,20.7629723381,19.9661807865
419,-0.457770480388,1.16438546077,-1.48979945942,-0.13515090986,0.529950814256
420,-3.16712455645,1.28060343182,-0.198440451914,1.02103818829,-5.82924880748
421,-6.33642518761,0.246735540024,1.46996276514,1.73048431433,-4.17627937727
422,-3.79683581908,-2.4067281731,-0.563218026207,0.453191559038,-4.05520813755
423,1.62526723524,1.73492040651,0.148099518134,4.45568959601,9.69013060108
424,0.24223930359,5.13467176225,5.8064930246,6.38519359799,-1.2223917705
425,1.48521295447,-0.411331334462,-1.16141697058,6.49467789887,9.9960450027
426,1.12917575523,0.781735396685,1.73265982674,2.52508208939,0.992833514037
427,7.05717043705,6.96241336528,8.30259149122,19.9657321277,19.6907275112
428,-0.65649581542,6.45107177048,6.87585119341,6.54164330348,-1.4758540045
429,9.00936416401,8.71436824963,8.71666253368,18.6982868953,21.6445539713
430,-0.549722265526,-0.190468083914,0.264003329989,4.44885179956,10.3578164635
431,-4.94917614249,0.0939049698807,-0.724672715795,-0.0571112393776,-6.87124137306
432,-4.42980824532,-1.33879357102,-0.975727989976,0.577666490048,-5.55028936451
433,-5.76932550327,-0.260001281531,-0.966539585854,-1.12308722131,-4.98959070238
434,0.927040018981,-0.0116788968386,0.658041145048,0.965449579715,1.33051609813
435,-4.90214446336,0.0525824626187,-1.04872252072,1.4498632449,-5.73636088132
436,-4.78877017869,0.358859035688,0.190960675728,0.0292538176684,-5.68260768371
437,2.72549374639,0.808192256936,1.89061558463,2.98533731239,1.42510288616
438,1.74710405138,-3.73285048077,-3.36084016284,-2.30170885898,0.459531884641
439,-0.575108226154,6.25658921488,6.63734277438,4.15367909205,-1.6006364866
440,-1.88358945524,4.44029141265,5.14570915483,6.49576154241,-0.051773819588
441,1.0323322265,0.474795349867,1.12991304212,8.20436313377,10.9499044892
442,7.32354372721,10.2177126762,10.108888222,20.3522389793,19.7026591656
443,-3.66313449742,-0.944555593686,-0.448813800214,-0.229665855645,-7.25165676215
444,-1.24530709461,-0.0232160379706,-0.0779989157532,0.476556245156,0.223538982267
445,1.74713184749,-3.84736943864,-4.10500332828,-5.583204299,0.88655421398
446,-0.570197138679,-3.47249993852,-2.47936007426,-3.78027228802,-0.519705524272
447,3.57526574886,1.29783154914,2.57870636124,3.18771915482,1.73462233421
448,10.8160777165,7.70781789481,9.35627830368,20.0461565931,20.1637311887
449,1.33139018398,4.16176605381,7.65841739748,5.19269902079,0.234810550409
450,-4.72129476845,0.0204122224736,0.167333167978,-0.302624848733,-5.52950147984
451,9.09587820029,7.91327384118,8.21952822713,20.5229312457,19.6683456844
452,-1.18127354319,-2.12127794883,-2.81348034158,-2.10074032308,0.17798212756
453,8.79916140948,8.36457270453,5.80643576215,20.3425129857,19.7995555105
454,0.106457727412,-0.126591266508,0.998314143608,-0.74185788966,0.807804678889
455,-0.0646104324221,-0.73246027384,0.393602804533,2.04481373074,0.50717198295
456,-0.250994801779,6.05246402807,7.91248715376,6.23056930333,-0.954015292603
457,0.939020393534,-3.10883732037,-2.51097960011,-0.992130965458,-0.306749877945
458,-15.1125835338,8.65928727927,-0.0453157333201,1.0177713809,-0.897582751723
459,1.57924681833,-2.53233359112,-3.02899431974,-2.70885538715,1.27750799376
460,0.650878238485,-3.43693622366,-3.33613409683,-3.43909943011,-0.887675985978
461,-6.85855996101,-1.05782524893,-1.10177942113,1.1947455619,-4.6477478997
462,0.438514074622,1.16878218115,-0.411979160726,1.55223739761,-1.16150741628
463,8.77137532799,10.1001382047,5.37651402874,21.1190878826,18.4913290708
464,8.35806642385,7.34822083758,7.85777477693,20.2711114801,19.688194747
465,0.719816334981,-3.62002596623,-2.96636830443,-2.26879971725,0.189700580362
466,1.5000555871,3.23601894089,1.6400528569,3.40990424525,1.13053661412
467,0.139347004543,-1.2887286549,-1.8368314235,6.48381161255,9.62657411682
468,-0.693149372877,6.51613766249,4.81738293234,6.84528396076,-0.545534238254
469,1.23188590939,-0.705702460864,-0.547509247952,5.12203725208,9.78798869112
470,7.81256832594,7.03506536649,9.09726651484,20.3564371604,20.1756888289
471,-0.896620992843,-1.46096845687,-0.830302396896,7.71910941993,11.2714274518
472,0.291847281232,0.202068141708,0.136144852543,6.11863530429,11.1665602376
473,1.148298469,2.35006261358,3.56388285602,1.16993696863,1.45186710248
474,-5.41983912284,0.148332841931,-0.334182014748,-0.855816113487,-3.70389066209
475,3.28579319322,6.44595732421,4.05188593058,7.18949105376,-1.61806230781
476,2.29491602646,2.23621049392,2.67012316489,3.09533593419,2.97536639162
477,2.81739642648,0.454321893429,2.68399653507,0.966351334536,2.7104342626
478,2.63596857829,2.41906788615,2.44379685253,3.46434728932,2.7606442908
479,2.76181476502,1.64471221587,1.57399604035,2.58986719645,2.2363203172
480,1.5600981402,0.935162661413,-1.00789848275,0.399981850288,0.968756324565
481,-1.53584378562,5.80892428966,6.0824468064,4.06182961942,2.1333079594
482,0.961482303683,1.3406047228,2.14200591169,1.12978221074,0.912769412713
483,0.631914198085,0.986896863266,-0.709830123066,0.0106831931376,-1.35383396136
484,1.63004880518,0.343232072394,0.656469091139,1.63746206488,3.52177838321
485,8.43784000665,10.202578452,5.9779982921,22.0100944259,20.1162639148
486,-19.3778464898,6.88190260567,0.286443263622,-0.0848874457981,1.59808754712
487,-0.0560072589502,0.606784126792,-1.29126699278,0.0963138115025,-0.235470499325
488,-1.5224445029,0.386255323255,1.10924507906,1.03182559706,0.916818862988
489,0.663409942712,0.141368796379,0.00953297720466,-1.02989646358,-0.57342734372
490,-1.84819016308,-0.963221968008,-4.84633744638,-2.04138836995,-1.57004197315
491,-0.0836100344305,-3.01802390399,-2.27957086291,-3.6683522062,1.11652808106
492,-0.867420613546,-0.62943031349,1.26923394012,-0.570026335152,-1.33495172886
493,1.41252484281,-1.98946749192,-3.68031495204,-4.57432385865,-0.228963946552
494,-0.00106453671864,5.09674957856,5.72398739673,5.5484204726,-0.657084947037
495,-0.911242763961,-0.675240281154,-0.517776133214,2.29517480242,0.930068375942
496,-17.2957895192,7.18177000034,0.680331378861,1.22434497965,0.642183652147
497,-6.41100778659,-0.0797759476138,-0.48260554472,1.60111328367,-5.16432107299
498,2.53002508783,-0.237731814248,2.67729264381,2.04238017633,0.646430540716
499,-0.00348066506223,0.969068038457,1.09533553905,6.60413273785,10.4155632374
500,1.4303610136,-2.91365262273,-2.57020312787,-2.71640448025,-0.895354983331
501,-16.5694733584,6.94611133655,0.572023058686,-0.75515259686,0.734790588378
502,0.114851761585,4.41070203822,6.51319871235,3.94926720975,0.0578760081114
503,0.271012010042,-0.430603682836,0.063194406619,-0.962348015932,-0.591024586931
504,-17.3545265692,6.48259161363,1.43668342178,0.654928954175,0.658307738749
505,1.34726578677,0.127266532157,0.0377162698682,5.78683798612,8.78346770122
506,-3.94830396801,0.12874389589,0.420731096905,-1.11561695567,-5.45062918808
507,9.45316034197,8.84097394543,8.32304530525,21.4080656453,19.5565584021
508,-1.26441938848,1.59979474837,-2.06433212026,4.2487436087,8.18141400843
509,0.727912697827,-3.79020617644,-1.59702804432,-2.29116994934,-1.42911863436
510,-1.15619581535,6.04790380546,6.07045785796,7.09767571209,-2.26348398093
511,1.69600561651,3.78165557348,6.63048174857,6.42785060725,-1.11391841164
512,1.57198004399,-0.816760019158,-1.05799308448,5.35141587627,9.63915200576
513,-0.203792383593,-0.495323692797,1.05730399065,7.46520630277,10.5772455725
514,8.32016296994,7.63782304851,8.4099637249,18.8129733312,19.1983783655
515,1.37895691793,-1.39771268566,-0.546151376366,6.57547759711,10.0060644328
516,-18.5067737416,8.24801123944,-0.724896908821,2.07389162002,1.15276820138
517,-0.764410959429,-0.0122389078055,-0.963458881237,0.65368815589,1.22468926347
518,1.59004453124,-1.91551936511,-0.759362000608,7.27624407058,9.06719630135
519,-16.36612843,8.11996871219,0.730616755158,-0.134593591926,0.507807049904
520,3.72794635416,3.78151908614,2.45729263216,0.948423733253,1.32884209568
521,1.41143918947,-4.87814810556,-2.24387009685,-2.67526059457,-0.344289213424
522,0.852115676084,4.73555583301,5.89853814703,5.8506843174,1.44809019466
523,-0.245387072352,-1.60080635982,-1.417657564,5.12522570886,9.56280843407
524,3.21139980355,1.14511908816,-0.283543929278,0.80135222185,-0.0243519074867
525,8.23235030052,7.94945185417,8.48806697323,19.9459488686,19.5136177905
526,0.136376949103,5.34394730106,6.35200826297,6.00313359714,-0.869365132307
527,1.67582061006,1.32007168832,2.42767714302,-0.373636867231,2.30358694578
528,-0.698342505608,7.06911918073,4.80924461055,8.01913708825,1.5781025187
529,0.12198357929,-1.63970673774,-0.496584070028,1.10494816082,0.354990493506
530,2.0368610051,1.73115636044,0.633255085767,2.06157411962,1.34524401523
531,-17.3866151966,6.74148570895,0.206070052945,-1.16753366353,1.42133797364
532,-0.149417274183,0.271187830865,-0.849326140567,5.5741321421,6.23916600707
533,-6.61510942329,-0.16752122956,-0.540213877093,-0.135598303145,-4.36956020697
534,-17.3509185054,4.01176561681,0.913485079104,-0.198139386732,0.079000758186
535,-1.04590879209,0.486222932854,-1.08216891597,6.30506745351,10.7106769007
536,-16.0650319216,6.85562026613,0.197043444325,-2.52135949331,-0.115486508483
537,2.7009817717,1.36367841824,0.0249427546837,1.90041927791,-0.689321371107
538,8.86871064128,7.39631536854,8.10763988678,19.341120258,19.9991533749
539,1.3327676434,5.02998332469,5.58359794177,4.99073934792,-0.70752911297
540,-5.12481675585,1.28540691854,0.774509254446,-0.846359513975,-5.03664510499
541,3.25247036935,2.71768691422,2.84878293158,2.56285785118,1.90146181947
542,-15.8160248277,7.57824468518,2.0760002081,-0.42075221006,0.0488997139015
543,-16.0037387674,8.56818578022,-0.721481074757,1.01969828198,-0.0859668444899
544,0.779830231754,0.585452871982,0.128209856023,-0.685323408709,0.00113893003359
545,1.52914703858,0.551235924737,2.80437985129,2.42007190608,0.839265769451
546,-3.86733192928,-2.40603062033,0.319063423102,0.411105858712,-5.42628113082
547,-16.6352138786,5.5156606905,0.873496908873,0.827589837715,0.690089288693
548,8.0198511293,8.65529863909,9.09655009911,20.8663852653,20.940478369
549,8.59646602805,7.16533701902,9.00808967697,20.3100459909,18.2718478903
550,0.61775271963,-2.52152082478,-2.06942724823,-5.33037542215,-0.225076093148
551,-1.09140598735,-2.63371767245,-2.87182677949,-3.39177421065,-0.640620644414
552,-0.0897785625333,-1.14770768602,0.952500136322,-0.225335813761,-1.16569142762
553,0.293909628949,4.81337210309,5.19394433795,6.15891544613,0.0769695257761
554,3.89322742497,3.53901014154,0.748656155172,4.41157575995,2.02687867114
555,-5.05200654576,1.27867461559,2.09434262694,-0.12222585106,-4.74640943982
556,-4.60006562799,-0.891966266534,-1.28016415526,1.10260494363,-5.03600756744
557,1.9111445969,-2.84193501192,-4.70730499786,-3.04422729097,0.269262461254
558,-0.590474933498,-0.774217626905,0.0618045315977,0.358067636629,0.489743036942
559,0.855260683316,1.44896744412,3.20035603192,1.56167500902,1.11829993563
560,-3.82113000881,2.66006378149,1.1367225664,0.332269132177,-3.33473822112
561,-6.09389723609,-0.481159732052,0.285932459976,-1.11184624423,-7.05528746849
562,-1.26932909851,-0.2799082257,-1.28138331868,8.17348495243,11.2346801144
563,-18.414203337,8.06987274062,-0.628220039142,0.907083319296,-1.53131400504
564,-0.379948091285,-1.39777870851,0.282850800261,0.129383376529,0.774894458789
565,-5.5998669441,0.553927084678,-1.61743417568,0.61830662353,-4.66319629319
566,2.84260782738,3.18308035538,3.58728292094,2.62049884887,0.324721183873
567,8.28040276677,8.59335408709,8.0678851483,20.2960957782,21.7889160575
568,0.95117590113,1.89413424935,4.75632556018,2.30842122677,4.10681837979
569,0.568623446315,-2.65404700355,-2.71016969729,-2.41019214374,-0.0395667507204
570,-16.6969154887,5.97239839707,-0.529496867014,-0.586194914839,-1.1373813964
571,0.019512692763,-0.306507304503,1.87691917371,-0.346667712869,2.96324456561
572,1.2350199662,1.31399612298,0.784045856206,1.25631402101,2.87249268423
573,0.519141966197,-2.47265299571,-0.896002199052,-4.24458355979,0.311200447258
574,1.88127477233,0.228646732735,-0.669761688391,-0.198415615732,0.806723242349
575,1.22692353653,0.507370123771,-0.232219428841,6.61833433185,10.0556682799
576,2.31252389074,1.92480523903,3.14506322773,2.71695693427,1.99558402356
577,2.9730648579,3.01048378887,1.69955925618,4.03198061833,0.522995540904
578,-0.700616581072,0.745900831195,1.68720158116,6.63781438995,9.69832782299
579,-4.40368881567,1.5905919669,1.47329711754,-1.0887187169,-5.63511988987
580,1.13962710042,-0.19907939965,-0.619365408739,5.36614838444,9.38639332713
581,-0.270858962904,5.60201215421,5.07302031341,5.80347232752,0.552029772687
582,-17.3257714892,6.27830405657,0.479488984428,0.802102254271,-0.569967447319
583,-5.2510860911,-1.16196345443,-0.563132432836,0.646179285,-3.34664610968
584,-5.46397006388,-0.16166977332,-0.214309961639,-0.0232491639915,-5.21251604728
585,-0.491159390975,-4.05716105101,-2.69349290377,-2.73464599065,-1.79161544322
586,0.209339457915,-0.730890342011,0.0912875374029,5.92503059184,8.50334986694
587,2.16801235244,1.3731276392,2.70242340444,2.12481523639,3.53255067766
588,-5.59082395061,0.502529966376,0.309233051233,-1.09883562367,-4.53452380034
589,1.46040710236,1.28712559381,1.63020648847,2.79044366889,2.61287648776
590,-6.40259694223,-0.305968521514,-0.343420632915,-0.839029014424,-4.40517755345
591,-17.2399219397,8.32488214457,-0.821396800119,-0.0372635949573,-1.73215304769
592,-0.938672064931,0.535246994404,-0.631071663871,0.343708810641,0.655054644207
593,-0.568738659688,-0.771953787865,-1.02843626443,4.80119906894,11.3988050152
594,2.48362149743,1.05051678469,2.12842767783,1.69800863102,0.882686925561
595,5.34932022301,8.41392794984,7.93969235752,19.7035573246,21.6469983675
596,-18.0133976049,6.65530568983,-1.57845574913,-1.1546696728,0.126601846888
597,6.98343046757,7.74552516268,7.22091051649,21.4200071673,20.272665166
598,7.94594426813,9.00139026897,7.79988829556,19.6319772989,19.0594065352
599,0.232194538982,2.09193186449,2.15164207494,3.85469427057,1.77775707011
600,-3.35966164981,-0.0466872576434,-0.457721345801,-2.30432722434,-4.36771027915
601,-15.69533041,5.91688762829,-0.254723314295,0.0638715901472,0.074752092221
602,-16.123276102,6.79950058255,0.424696828957,-1.24880670673,0.106862103541
603,2.2390688079,0.789485554654,1.86534111142,0.148597095613,2.41464503215
604,1.41115292762,1.86431707046,2.0596476803,0.68995847883,2.00838109561
605,-1.28667342659,-3.34467073651,-2.72990789553,-3.75458611712,0.828563320733
606,0.519069830773,6.810181315,5.72799073432,6.28189324849,1.73300929576
607,1.77992166545,2.19671985902,3.18185821695,2.5388336043,2.12757945843
608,-0.346019502413,-1.7360760796,-4.55606628062,-3.45952051502,1.36504796591
609,0.137289954062,-0.705114623388,-1.25957038527,5.76256281648,10.9934198899
610,-17.630583135,7.93771060287,-0.47498385397,-1.34925610747,-0.81484674969
611,7.47503218678,8.3633166246,7.66496656634,21.5216751861,20.4511665881
612,7.98117362019,6.95729610373,7.18365632257,20.054317071,18.6421010101
613,-0.828636592693,-0.637549591896,0.153031647301,6.99893507236,9.40962977103
614,2.3374795472,5.41083830254,5.91001951051,4.33198298122,-0.33789554988
615,-18.6674346779,8.59138904716,-0.0954044005302,-1.80683721099,0.543294490948
616,-1.05807463693,-0.996382613236,0.762593871455,5.29049325755,9.97214254664
617,9.37260637647,9.74471497669,7.54676789281,19.4043026529,19.6075091994
618,0.76221499824,6.83264837977,6.10246735185,5.56832367729,-1.79084569634
619,-3.2773214816,0.630675733315,0.61710217063,-1.81713956501,-5.40891573192
620,-6.83721502816,0.203115366138,-0.265106646387,0.617517667761,-4.94308573171
621,-5.38976140978,0.688868707406,1.20467549178,1.91779733078,-6.46639359767
622,-6.48467414802,-0.821460883369,-1.1057159316,0.752685678612,-5.60309859269
623,-16.1314860038,7.75810280584,0.304735310509,-1.52376344255,0.53776246955
624,-16.2042721278,7.16126609584,-1.9069798381,1.05158260262,-0.2411000236
625,0.625496655996,0.646453485142,0.523231081148,-0.85066510682,-0.879273890984
626,-16.5763052145,5.94737646519,-0.274836068939,-0.446065216028,0.476600503071
627,0.0976441166974,0.331173627291,1.68442826414,6.76418963982,10.0177787197
628,-4.38139633466,1.78222501115,1.2847265457,0.38113286861,-6.05196760395
629,-6.22871273015,-0.484184388837,-0.920306898449,-0.203756690491,-6.48178878577
630,6.52583117956,6.96375674883,8.16949081966,19.590657308,18.6130204018
631,-1.89975320202,0.309434206564,0.133243599546,6.23240583028,11.3253223633
632,7.53371385146,7.17555234988,9.55210273278,21.1472995118,19.0212462676
633,-0.419617842303,2.10910449328,2.86680412527,2.37710521126,0.151757342312
634,1.37381815384,-3.96083720307,-1.41270731136,-1.91024718646,0.0151879948538
635,-2.31905054922,-2.88746407648,-2.13133697621,-2.1078488088,0.672973385567
636,8.53234200711,8.01986005353,5.52692881745,18.8134972345,19.6048181144
637,-5.25897130446,0.766865765202,1.0406865399,-0.158886077224,-4.63991577547
638,-16.5072397015,8.42071855494,-2.08357052863,1.0307166151,0.136238977829
639,0.580800389408,-0.503844746842,0.31618094464,1.81287766542,-0.255994048907
640,0.516178683346,0.0194347262077,-0.180288247863,-2.79436198687,0.607637628958
641,0.138246402863,1.90508853864,1.41919625953,3.83172202188,0.795602788504
642,1.00789796692,-1.08285012085,1.62960521466,6.41526482543,9.07664167786
643,-1.52325979858,0.923050168008,0.184060918663,5.85343416375,10.4063013365
644,-0.394687209953,4.16954196279,5.23110903966,6.08964229861,0.873474979302
645,0.342256292677,-0.986747722269,2.2968569052,6.62284013973,9.5224512245
646,6.92748872492,8.35180742507,7.36433877932,20.8917369363,18.5818002802
647,-2.97581254179,1.98082671391,0.353907546691,0.365967680611,-5.47529210163
648,0.457634956417,-2.20488312276,-3.36590669343,-2.28207766154,1.23246914612
649,2.17214828435,-2.26698392724,-2.77516097042,-3.38055569169,-0.00391936255637
650,2.08422477806,0.727395418673,0.430246297241,-1.36294512953,0.930494084681
651,-0.0246517893777,0.0525019800239,0.320536392364,4.89278996476,10.2282545665
652,-4.74063192779,-0.742947961227,-0.147591133009,-1.45710967399,-3.80912109263
653,7.84638687277,8.68472942948,7.70171561403,20.9297468176,19.5898197138
654,-0.145631098483,-0.718949296457,-0.350451802615,-0.266146352487,1.71977934155
655,-17.2884087814,7.10069891764,0.822864439129,1.55703801276,1.68431177934
656,0.0393242284807,1.08633690987,0.406672840846,6.7158594257,10.555343228
657,0.633866616369,-3.56190839992,-5.5962266859,-1.02129197504,1.58198924108
658,-0.940766301464,4.2658402001,6.81027769835,6.02161055069,2.28656282002
659,-0.0203422849284,-0.445486280464,-0.523279016642,5.66647399536,11.9868321358
660,-5.11980124007,-0.0831165561082,-0.674047583794,0.434745403535,-4.53429938105
661,1.07413716028,1.13169987668,0.368865971284,5.0932444816,11.3474353709
662,1.35971543529,-0.241174617421,-0.162744978679,5.08289425053,8.82805359314
663,0.691083995052,-3.41251806247,-3.23761479129,-4.59398809204,1.97918887737
664,2.18882409208,2.2437458209,0.960536041798,0.15913248328,1.98745132309
665,-0.517968936011,2.35660477419,3.84258655039,2.52305334744,1.58569379303
666,0.337957525594,-1.52364813966,0.903453687052,-1.5877043828,-0.776127240198
667,-4.15271904332,-0.803684911843,0.172633861218,-1.24039965965,-5.52713024252
668,-16.477241904,7.98641908489,0.262261776181,-0.76850294916,1.16311284496
669,-1.51745667293,7.71021498332,8.1666887373,5.87862377114,0.9389611321
670,0.0760049692701,4.95997013332,6.15665225891,4.65448756835,1.54513091536
671,-16.9795525904,9.59541785632,-0.932932744528,-0.68116275331,-1.93803228613
672,-4.49247667453,-0.4448466674,-0.689267968375,-2.25490115443,-4.41615273978
673,-3.79664702626,-0.921563540138,-3.21340150799,-1.97851892124,-4.81877743976
674,-0.18910903612,-1.71809256298,-3.80992530297,-3.10395788731,1.0025535851
675,2.90645474359,1.48092626233,1.92221590729,0.896548775098,1.5135245573
676,-15.9982990799,5.734253395,1.9382974546,-0.165008842801,0.389835335645
677,8.35070980858,7.71569224461,7.66120421259,20.1166885735,18.4813816819
678,7.19641472718,7.60257808165,7.29665016936,19.992232154,18.3962663472
679,0.199298080915,0.721097488368,-0.596742404756,5.58352986551,10.0502214817
680,8.13753228752,8.90263768077,9.9819777758,19.6224206854,19.3481098576
681,8.98256484654,7.43394033196,9.80378084518,20.1043751949,20.5572310154
682,0.675555946315,6.36501270352,5.15114228551,6.35670340696,0.490317329531
683,0.100529745321,4.06344633602,6.41384580331,8.38117221724,0.901344133942
684,1.25689495717,1.27619543654,-0.337526239032,5.77705465383,9.47683260306
685,0.706836119586,-3.97279579716,-1.8180202008,-2.46775167531,0.75972655596
686,-5.76406327584,1.55496470102,-0.857915969957,-0.881781939916,-3.8445696598
687,-0.40992864052,0.885610775195,-0.571095429786,0.0538118171227,-1.87642407718
688,6.50903221814,8.47234166663,8.21031940399,20.2804428824,20.0710245455
689,-16.3529028936,6.61989914425,-1.24220049891,-1.198384371,0.800672720416
690,7.24379454461,8.74521162426,7.04063958742,19.8828040635,20.21792265
691,-16.7992368666,8.481772175,0.42980224727,-1.29725720364,-0.946220298735
692,-0.330182914359,0.523767315126,-0.354978426526,1.83179433808,0.656622828917
693,0.333584198294,-0.264262573766,1.13747255777,7.83626584131,10.5994422579
694,8.79030967593,7.86669587067,7.87945345959,18.8555880709,21.4766090538
695,0.27993621825,1.20977107446,0.821187307579,1.06049798512,0.857304858595
696,-0.0562049223205,6.15985331085,4.97887160832,5.40377841776,-1.24101856305
697,-5.40372723132,0.870324936482,0.451615356051,-0.373252210188,-5.22035086567
698,6.91552624568,6.571590514,7.96624256474,19.3722878519,19.3820712005
699,0.63555706838,5.19193384568,5.27945393874,6.04321144343,-1.62384170758
700,-0.811667987416,6.86246280425,7.72749662155,4.94090630286,0.442985583787
701,-0.0548232345128,1.3218207055,2.06003224186,2.28354880288,1.6741289038
702,1.4209789019,-0.281129139103,-0.862866630258,0.054347215061,0.513879199109
703,0.166813830443,-1.38755076165,2.00236108569,0.0955825271432,0.575971903487
704,-0.221610587372,-0.775251607405,-1.24210525445,2.12500081074,0.926479501946
705,0.788200101735,4.48610614467,4.83852487365,6.79775411677,-1.12574964798
706,-0.724611524263,-0.699220868576,0.805286253997,-1.11479823117,0.700360565739
707,8.45365046352,7.88836514305,7.73694990364,21.2958518312,20.2688600033
708,-1.1414053697,0.251883739308,0.67267434427,5.51280375068,9.97634241107
709,0.0357156504002,-0.134687939325,0.664998700873,-1.05917535731,-0.316139916274
710,9.05022809252,8.65618619005,8.11804368237,19.6484509967,20.3363608668
711,8.48331828673,9.15686564227,7.24540076122,17.4457064089,20.6674449171
712,0.180020315209,0.411200281157,0.611487651604,5.17671053198,10.2206843949
713,9.10588829564,6.48963154401,6.41837329411,19.4510792272,21.5750757989
714,1.72315062682,1.07784240383,2.47738338923,1.96521897666,1.84593308293
715,-0.00247185682656,-2.14391452545,-3.72684969466,-2.42113652023,-0.388425830758
716,0.917644007094,5.7623907105,6.74933018823,3.97103594063,-2.20196157573
717,7.62896544287,8.7539666142,8.96583986207,20.1541664128,18.6621252583
718,-16.536463059,7.00024823484,-0.596198624424,-1.40209886102,1.1563013196
719,0.0806003023266,-3.18514136832,-2.10757537205,-3.94301679089,0.956009588662
720,6.63397683317,6.74774593983,9.15282698101,19.9415716973,19.6858377396
721,1.35425100659,0.732516711498,0.775627587789,1.02084705637,-0.402169246226
722,-0.57424701259,-3.42161781586,-3.61281165745,-1.98392851795,-1.00739302277
723,-0.955117964371,-1.19946350835,-0.586896273692,7.01921684423,9.68318242501
724,-16.9633302427,7.79912047073,0.899793782549,0.150720798813,0.160162969698
725,0.0309096452274,-3.0840003766,-3.11885263911,-0.922615074695,0.948857315034
726,0.219082955185,-1.18044197617,-2.84776142468,-5.06585210487,-1.11832100384
727,1.71114262595,0.454171538966,-0.565479029682,5.71503817122,10.7516727589
728,-0.469839920937,-2.92022822982,-2.91704022772,-3.57499165023,-2.04598842676
729,0.234165010534,6.00581600942,7.45096697184,6.95001922011,0.437785565287
730,-0.40527763772,-1.88624457505,-1.6060349623,-2.81105218218,-0.0936306008462
731,1.36314168263,6.89461251853,8.05438387244,4.43420930686,0.937496745864
732,-16.8486816515,5.2284152493,-2.41185452949,1.26222706516,-2.37652307805
733,-0.158106920212,0.891958889957,0.866616471144,5.24572787793,9.72992463626
734,-0.709023165573,1.14295000903,0.664595168636,0.671555375222,-0.205979612366
735,0.525267304463,0.576098304615,2.02306820925,5.32278588037,9.61308101551
736,8.35847459954,8.61859570271,7.22575529583,19.2707004394,20.631077622
737,2.76592359289,1.58941166379,1.34202339013,1.30310683814,1.84693053164
738,0.874476945504,8.14131602633,4.81198015665,5.78912589499,0.874217306621
739,7.81899524692,6.53749184055,6.80995951845,19.3862632164,20.4854911029
740,-1.08496417637,-0.57757505021,1.06790880168,-0.429769424178,1.18376171415
741,3.42608170657,-3.261920197,-2.6142826991,-4.75506912591,-2.41894987825
742,0.399639982716,-1.97596310598,-3.30767088642,-3.05981235784,-0.486381253028
743,0.133740172388,-0.487686737954,-0.43713521298,6.34696398291,9.17950243594
744,-0.881191213554,-1.72374897565,0.743196881141,6.68579101884,10.4729355699
745,-5.67118512025,2.24147462768,-0.245732985989,0.839650387057,-6.26834292992
746,0.760589742211,-3.53259902608,-2.39668306033,-2.80443871985,-0.343318707141
747,-18.4037769971,6.89049029596,0.139716852375,0.904279066942,-0.360825994713
748,1.17315216448,5.35344571726,5.1911338949,5.67644187314,1.75171095858
749,8.78151763001,6.90653508113,7.40257918567,18.9150302514,20.7162164275
750,-0.460092149055,4.90256728339,8.43185540839,7.2815772124,0.762842650076
751,-0.0017778350638,-3.38825537465,-2.4008303908,-3.0759852896,0.0516929839299
752,1.03411892332,1.27556558022,1.08480420373,2.32901128866,1.09970017269
753,5.38123779939,2.08043285158,0.941777519174,1.59165752046,2.20606713115
754,0.248434290443,-3.28500982704,-2.11293430861,-1.92805153142,-0.477807202146
755,1.17986670123,1.37859953272,0.606549815317,5.53579822977,10.4940087214
756,-0.419966184134,6.14819290086,5.8876031442,5.7578018073,-0.0734130970664
757,-0.00403707992882,-1.98540656867,-2.65055725991,-2.0966430138,0.888316342745
758,0.667151059527,0.48124643286,0.492616027786,0.156787496802,0.232319336214
759,0.0453650382361,2.95986116285,1.79466423874,-0.154479963459,-0.318657299021
760,-0.958677864056,-0.402318021832,0.692637852288,-0.538853862883,0.463623839916
761,-5.21586560688,-1.44938400848,0.412890011088,-1.70235451892,-4.47745522532
762,-0.106419936827,5.33988178521,6.37603152992,6.03377369947,-1.1755319584
763,-16.1791676081,7.08225754241,1.00580225602,-0.876381237248,1.32194773377
764,-0.464979913871,-1.8700290908,0.092365772747,5.00446914097,10.2751929069
765,1.49246815659,-1.59895811531,-4.1448113084,-1.75846111184,-1.30532508616
766,-0.173804665876,5.11281658291,5.99884245592,6.91867531294,0.0311173229655
767,1.15982261382,1.04018313579,0.56883166487,2.20859578899,2.22506482439
768,0.921947744323,2.80683924998,-0.87821432061,-0.0252126809926,0.112750171259
769,-16.67764478,5.77920048471,-0.626593821462,-0.452635458261,0.997014699376
770,2.63686021034,3.17590176236,2.68155455767,0.369470088065,1.2728520928
771,-6.04569877858,0.962477386492,1.44240499892,-0.246268838494,-4.53775180023
772,8.216881436,7.86235208266,8.43540669912,20.9292936294,20.5525417951
773,3.449029304,1.72236981664,0.347829058888,3.53406958035,3.088664021
774,8.62374768451,8.68542649165,7.94764414967,18.5853396473,20.0972921044
775,-0.983385238817,-1.38019892308,-0.0960924063492,1.50599537736,1.47306554724
776,-0.330815969162,-0.852311531336,0.342275591483,5.40082682623,9.27726495531
777,1.9735635316,0.627647321479,1.93348286462,3.32036055564,1.53406352099
778,-15.9859401669,6.1676785206,-0.419938225899,-1.13164775222,-0.284994795188
779,1.56492277225,-0.0225460410336,0.450303158038,5.86940041293,10.0168911079
780,0.90713237397,5.48419446407,6.4322064401,5.85395849241,1.93706732117
781,-4.934216775,-0.226033182485,1.34804677902,-0.266710408481,-6.07889432805
782,-5.95305703645,-0.801389100759,1.12048972904,0.522093280024,-4.76240256507
783,-0.203482975238,3.01339375889,1.93420393783,2.34923406191,3.61584975052
784,-0.0411285308063,7.39533183017,5.50956859699,4.91816399397,-0.292582440946
785,0.631980866382,-2.54216902457,-0.00846131430166,-0.591764599858,-1.08049975588
786,8.26237431969,8.38458409874,8.10111171308,20.1373655726,22.03551352
787,1.10489978254,6.9602287886,5.13055978141,7.01885606048,-2.23546761204
788,0.481629461828,1.19121686008,-0.126801231353,0.476311678059,-0.878372858464
789,0.365534748539,-1.98075286758,-2.02526942299,-2.18084936167,0.604007165561
790,0.825227513372,4.80983034917,7.38855668623,5.54114319092,0.813151257514
791,0.229733313252,0.347105447884,0.987625424697,4.46161118303,12.4216449602
792,1.49023200606,-0.0200741626156,0.677251357891,0.582019674987,-1.54329856237
793,0.380300273606,0.547193168547,-0.350196680241,5.57711446651,10.7513731664
794,-1.54501007316,6.5125674268,7.09463080017,5.29349942913,0.348850204535
795,-6.19817646763,1.78720296785,1.90388100613,-1.38155316533,-5.91860895889
796,1.16331867945,5.51484856613,7.70571472034,4.83206571159,0.622853684723
797,0.680137134863,-1.39598854815,-1.44573216258,-3.99252969225,-1.04074450231
798,0.140077221274,0.318688854592,-2.42433738136,-1.4849019882,0.982199934849
799,1.34749871717,-1.12656312873,0.012667230756,5.71013949338,10.6730179641
